id,title,intro,poster,pubdate,url,rating,genres,star,comment,tags,star_time,card
3775978089,如何阅读一本书,"每本书的封面之下都有一套自己的骨架，作为一个分析阅读的读者，责任就是要找出这个骨架。一本书出现在面前时，肌肉包着骨头，衣服包裹着肌肉，可说是盛装而来。读者用不着揭开它的外衣或是撕去它的肌肉来得到在柔软表皮下的那套骨架，但是一定要用一双X光般的透视眼来看这本书，因为那是了解一本书、掌握其骨架的基础。
《如何阅读一本书》初版于1940年，1972年大幅增订改写为新版。不懂阅读的人，初探阅读的人，读这本书可以少走冤枉路。对阅读有所体会的人，读这本书可以有更深的印证和领悟。",https://img1.doubanio.com/view/subject/l/public/s1670978.jpg,2004-1,https://book.douban.com/subject/1013208/,8.3,,,,,2023-05-04 16:16:26,[美] 莫提默·J. 艾德勒 查尔斯·范多伦 / 2004 / 商务印书馆
3684895456,献给阿尔吉侬的花束,"【编辑推荐】
◆豆瓣9.1高分科幻，豆瓣图书Top 250总榜No. 47，豆瓣科幻小说榜Top10，6.6万人评分，10万人想读。Goodreads 4.2分，57万人评价。
《基地》《银河帝国》系列作者艾萨克·阿西莫夫盛赞：“这个故事强烈震撼了我，他敏锐的感觉以及掌握这部非凡杰作的叙事技巧太令人惊叹了。”
◆囊括世界科幻小说两项大奖“星云奖”“雨果奖”的科幻经典，感动全球读者的人性关怀杰作。
“很多人都笑我。但他们是我的朋友我们都很快乐。”——声称能改造智能的科学实验在白老鼠阿尔吉侬身上获得了突破性的进展，下一步急需进行人体实验。个性和善、学习态度积极的心智障碍者查理·高登成为最佳人选。手术成功后，查理的智商从68跃升为185，那些从未有过的情绪和记忆也逐渐浮现。
◆30多种语言译本，全球销量超过600万册，多次欧美影视、舞台剧及日剧改编。
1968年，首次电影改编《查理》，主角获得奥斯卡金像奖最佳男主角；
1988年，日本摇滚音乐家、歌手冰室京介发行同名音乐专辑；
2000年，第二次电影改编，由《全金属外壳》《鸟人》主演马修·莫迪恩饰演查理；
2015年，野岛伸司编剧、山下智久主演的TBS日剧于春季开播；
2019年，“一台好戏”改编的中文音乐剧在上海人民大舞台上演
◆初版发行55周年全新设计纪念版，知名装帧设计师陆智昌设计，重新诠释经典科幻的当代感。
【媒体推荐】
这个故事强烈震撼了我，他敏锐的感觉以及掌握这部非凡杰作的叙事技巧太令人惊叹了。——艾萨克·阿西莫夫，《基地》《银河帝国》系列作者
引人入胜，高度原创。将长久被人不断阅读。——《图书馆期刊》
文学经典。独一无二的故事题材与文学成就。——《皮奥瑞亚星报》
栩栩如生、充满悬疑又动人的故事。——《纽约时报》
题材尖锐。非常具有原创性。——《出版家周刊》
一部使用具有说服力的假说来探讨情感与道德议题的科幻小说写作范本。——《泰晤士报文学副刊》",https://img1.doubanio.com/view/subject/l/public/s34280647.jpg,2022-8,https://book.douban.com/subject/35989392/,9.2,,4,,,2023-02-08 20:21:38,[美] 丹尼尔·凯斯 / 2022 / 河南文艺出版社
3682326698,亲爱的安德烈,"编辑推荐
★“龙卷风”增订新版——龙应台新版笔记《在时光里》，写于2013年2月16日旅途中，重新观察，再度“认识”18岁成年后的早已超过1米84的大儿子安德烈（27岁），以及1米80的小儿子菲力普（23岁）。
★ 两代共读的36封家书——华人世界率性犀利的一枝笔，真诚袒露龙应台、安德烈母子两代的碰撞与交融，平等探讨心灵之间的距离到底有多远？本书特别收入弟弟菲力普写给哥哥安德烈的信《谁说香港没文化》。
★ 安德烈首次发表的照片——回过头，用心看看日益“远去”的父母，从18岁那一年算起，忽忽又是一个10年。本书特别新增安德烈第一次披露的照片，追踪记录安德烈成长的青春。
★ 华语世界榜首畅销书——停下来，重新认识突然“长大”的儿女，《南方周末》最受欢迎的专栏之一，继《野火集》后，龙应台这堂“人生课”中的三本“作业”（《孩子你慢慢来》、《亲爱的安德烈》与《目送》），持续畅销两岸三地及华人世界。
《亲爱的安德烈：两代共读的36封家书》 —— 两代共读的36封家书 + 龙应台新版笔记 + 安德烈首次发表的照片 + 华人世界各地读者的感动来信。
“亲爱的安德烈……”，“亲爱的MM……”
龙应台离开欧洲的时候，安德烈14岁。当她卸任台北市政府的工作（马英九市长亲自前往德国邀任的首任文化局长，任期内推动本土文化、树木保护等措施），重新有时间陪家人过日子的时候，安德烈已是1米84高的18岁青年大学生，有了驾照，可以进出酒吧，脸上线条棱角分明，眼神宁静深沉，透着一种独立的距离，手里拿着红酒杯，坐在桌子的那一端，有一点“冷”地看着自己的妈妈。
他们是两代人，年龄相差30多岁；他们也是两国人，中间横着东西文化。失去了小男孩安安没有关系，但龙应台无论如何要认识成熟的高校青年安德烈！
从此，他在德国，她在香港，他到香港，她到台湾，母子俩用了长长的3年时间相互通信——“18岁那一年”，“年轻却不清狂”，“我是个百分之百的混蛋”，“大学生哪里去了”，“为谁加油”，“你知道什么叫21岁”，“独立宣言”，“向左走，向右走”……平等得令人惊讶，坦率得近乎痛楚。
他们原来也可能在他18岁那年，就像水上浮萍一样各自荡开，从此天涯淡泊，但是他们做了不同的尝试——她努力了，他也回报以同等的努力。龙应台“认识了人生里第一个18岁的人”，安德烈“也第一次认识了自己的母亲”。",https://img2.doubanio.com/view/subject/l/public/s26135683.jpg,2013-3,https://book.douban.com/subject/21617765/,8.7,,4,,,2023-02-06 17:05:23,龙应台 安德烈 / 2013 / 广西师范大学出版社
3682323863,白夜行,"《白夜行》被普遍视为日本作家东野圭吾作品的无冕之王，一经推出即成为东野圭吾的长篇小说代表作，中文版销量超450万册，与《嫌疑人X的献身》《恶意》《解忧杂货店》并称为东野圭吾四大杰作。
《白夜行》是东野圭吾当之无愧的鸿篇巨制，全书故事跨越19年时间，登场人物超过50个，草蛇灰线伏脉千里，情节线索纵横交错又丝丝入扣，用一桩离奇命案牵出案件相关人跨越19年惊心动魄的故事、悲凉的爱情、吊诡的命运、令人发指的犯罪、白描又生动的社会图景、复杂人性的对决与救赎，读来令人叹为观止。
1973年，大阪一栋废弃建筑中发现一名遭利器刺死的男子。警方怀疑一个叫西本文代的女人，但缺少证据。不久西本被判定因意外事故死亡，从此案件成谜。此后19年，众多案件相关者的命运出现了离奇的转折，有人走向上流社会，有人在暗夜中游走挣扎。只有一个老警察追查不休，渐渐拼出了惊人的真相。",https://img9.doubanio.com/view/subject/l/public/s30014645.jpg,2017-7,https://book.douban.com/subject/27112607/,9,,4,,,2023-02-06 17:02:29,[日] 东野圭吾 / 2017 / 南海出版公司
3682284152,围城,《围城》是钱钟书仅有的一部长篇小说，堪称中国现当代长篇小说的经典。小说塑造了抗战开初一类知识分子的群像，生动反映了在国家特定时期，特殊人群的行为操守、以及困惑。从另一个角度记述了当时的情景、氛围。虽然有具体的历史背景，但这部小说揭示的只是人群的弱点，在今天依然能够引起人们的共鸣。第1版于1947年由上海晨光出版公司出版。《围城》是中国现代文学史上一部风格独特的讽刺小说。被誉为“新儒林外史”。,https://img2.doubanio.com/view/subject/l/public/s29907893.jpg,2017-6,https://book.douban.com/subject/27070488/,9.3,,4,,,2023-02-06 16:21:33,钱锺书 / 2017 / 人民文学出版社
3649535401,刀锋,"《刀锋》通过书写一名青年对人生意义的漫长探索，描绘了一战以后西方世界的生活百态，从美国到欧洲、印度，从巴黎、伦敦到芝加哥、纽约，从城市到海滨，从乡村到煤矿，从上流社会到社会底层，作者在广阔的地域空间中展现了当时人们的生存图景。小说发表后之所以能畅销美国，流行世界，是因为它反映了战后社会的普遍心理，特别是青年的迷惘情绪，再加上毛姆老道圆熟、技高一筹的讲述故事的技巧和才能，使得《刀锋》的故事情节引人入胜。
——————
一战期间，美国青年拉里的战友为了营救他而牺牲，这一经历彻底改变了拉里的思想，他开始展开内心的追问：既然世间有善，为何恶亦相生？战后他执拗地追寻答案，先是到巴黎攻读哲学，之后来到波恩的一所修道院，然而基督教义没能为他提供满意的回答，于是他去了西班牙，试图通过艺术寻求到人生的真谛。无果后，又跑到印度，在那里待了五年，最后才从印度的宗教里找到了真正的信仰。
《刀锋》是毛姆出版于1944年的长篇作品，以著名哲学家维特根斯坦为原型，深刻地展现了西方整整一代知识分子对生存意义上下求索的心路历程，呈现出一战后西方世界的生活图景，从美国到欧洲、印度，从巴黎、伦敦到芝加哥、纽约，从城市到海滨，从上流社会到社会底层，作者在广阔的地域与社会背景下，为我们提供了一组组性格鲜明、有血有肉的人物群像。",https://img9.doubanio.com/view/subject/l/public/s33629584.jpg,2020-4,https://book.douban.com/subject/33430679/,8.8,,4,,,2023-02-04 22:37:34,[英]毛姆 / 2020 / 人民文学出版社
3642221716,金阁寺,"蓬勃而颓唐，自负而不安，因美而毁灭，谁能凭爱意将金阁占有？
“世界上没有比金阁更美的东西”，美是怨敌，语言大师三岛由纪夫根据真实事件创作而成，呈现一个自卑的完美主义者追寻美、而后毁灭美的心路历程。
《金阁寺》是世界公认的长篇杰作。1950年，日本京都名胜古迹金阁寺，被年轻僧人的一把大火焚毁，成为轰动一时的事件。这便是《金阁寺》的原型。三岛由纪夫根据当年僧人的一句独白，“我妒忌金阁寺的美丽”，展开想象的翅膀，由此有了这部著名代表作的诞生。
小说以第一人称写就，“我”在十几岁时因住持父亲离世，被托付到了金阁寺。整本书围绕着我对金阁的情感变化展开。我是个面貌抱歉的结巴，金阁是完美和永恒的化身，“世界上没有比金阁更美的东西”。未见时憧憬，初见时因为落差而失望，后来整日生活在一起，便觉得金阁是不可或缺的一部分。后来金阁在我脑海中幻化为我和真实世界的阻碍，尤其在我想做出格事情时，总会看到金阁显形，从而做不成……绝望之余 ，“我”将金阁付之一炬，亦打算与金阁同归于尽，然而在大火烧起之后，我放弃跟金阁同归于尽的想法，决定一个人好好活下去。
编辑推荐：
◆ 三岛由纪夫是日本著名文学大师，被誉为“日本海明威”，曾三度入围诺贝尔文学奖，在国际文坛拥有高度声誉，是著作被翻译成英文等外语版本最多的日本当代作家。
◆ 三岛由纪夫一生著有二十一部长篇小说，八十余篇短篇小说，三十三个剧本，以及大量散文。为纪念他，日本山梨县设有三岛由纪夫文学馆，日本新潮文艺振兴会于1988年设立三岛由纪夫文学奖。
◆ 《金阁寺》是三岛由纪夫经典之作，曾荣获第八届读卖文学奖，是世界公认的长篇杰作。
◆ 本书呈现了一个人由感受美到毁灭美的心路变化历程，三岛由纪夫说：“我写《金阁寺》是要探讨罪犯的动机。仅仅靠‘美’这种浅薄愚昧的观念，就足以成为他对国宝纵火的犯罪动机。另一方面，要在现代生活下去，相信一个愚昧浅薄的观念并将其敷衍为生的根本动机，这完全可能。”
◆ 莫言力荐，“我认为《金阁寺》简直可以当成三岛的情感自传”。
◆ 著名日本文学译者曹曼全新翻译，字斟句酌，文笔更清新流畅，语感更直接现代，更符合当下读者阅读习惯。
◆ 著名设计师操刀设计封面，运用色彩搭配三岛由纪夫肖像，凸显作者和作品本身的绚丽。
◆ 书中附有三岛由纪夫年表，结合其45年的生命历程，可以更好地去理解这本书。
追寻纯粹之美的人，都有一颗黑暗之心。",https://img2.doubanio.com/view/subject/l/public/s33795213.jpg,2021-1-12,https://book.douban.com/subject/35290985/,8.8,,4,2023第一本书，大量的景色描写和内心独白让我差点想放弃了,,2023-01-16 14:33:20,[日] 三岛由纪夫 / 2021 / 天津人民出版社
3411180298,局外人,《局外人》是法国作家加缪的成名作，同时也是存在主义文学的杰出作品之一，该书以一种客观记录式的“零度风格”，粗线条地描述了主人公默尔索在荒谬的世界中经历的种种荒谬的事，以及自身的荒诞体验。从参加母亲的葬礼到偶然成了杀人犯，再到被判处死刑，默尔索似乎对一切都无动于衷，他像一个象征性的符号，代表了一种普遍的存在，又像是一个血红色的灯塔，具有高度的警示性。然而，局外人现象的产生无疑是由这个世界本身所孕育的，默尔索的存在有其深刻的外部原因。,https://img9.doubanio.com/view/subject/l/public/s4468484.jpg,2010-8,https://book.douban.com/subject/4908885/,9.1,,4,,,2022-12-26 12:36:02,[法] 阿尔贝·加缪 / 2010 / 上海译文出版社
3401803196,鼠疫,《鼠疫》是法国存在主义作家加缪的代表作，被认为是加缪深具影响力和社会意义的作品。小说讲述了以里厄医生为代表的奥兰市居民，面对突如其来的瘟疫和死亡的威胁，同仇敌忾、勇敢反抗的故事。书中以丰富的细节，生动展现了小城中鲜活的日常生活，也清晰刻画了鼠疫爆发之时普通人的挣扎与抗争，展现出困境中的人们奋力拼搏的态度和他们对真理、正义的追求。,https://img2.doubanio.com/view/subject/l/public/s29681452.jpg,2018-3,https://book.douban.com/subject/30134903/,8.9,,4,,,2022-12-26 12:35:49,[法] 阿尔贝·加缪 / 2018 / 湖南文艺出版社
3507308236,夜晚的潜水艇,"★ 《亚洲周刊》2020年度十大小说
★ 豆瓣读书2020年度中国文学（小说类）Top1
★ 2021年宝珀理想国文学奖首奖作品
★ 2020年单向街书店文学奖年度作品
★ 首届pageone文学赏 首赏
仿佛鸟栖树，鱼潜渊，一切稳妥又安宁，夜晚这才真正地降临。
《夜晚的潜水艇》 是陈春成的首部小说集。九个故事，游走于旧山河与未知宇宙间，以瑰奇飘扬的想象、温厚清幽的笔法，在现实与幻境间辟开秘密的通道：海底漫游的少年、深山遗落的古碑、弥散入万物的字句、云彩修剪站、铸剑与酿酒、铁幕下的萨克斯、蓝鲸内的演奏厅…… 关于藏匿与寻找、追捕与逃遁，种种无常中的一点确凿，烈日与深渊间的一小片清凉。陈春成的小说世界，是可供藏身的洞窟，悬浮于纸上的宫殿，航向往昔的潜艇。
【推荐语】
我非常喜欢《夜晚的潜水艇》，陈春成给了我一个惊喜。在NBA，他们对那些充满潜力的年轻球员有一个形容，天空才是他的极限，这话也可以用在陈春成的身上。他比较厉害的一点是，既飘逸又扎实，想象力非常丰富，写现实的部分又很扎实，转换和衔接都做得非常好，很老练的作品。我觉得他是一个前程无量的作家。
——余华（作家）
读陈春成的小说，能感受到作者在背后把问题全部想得清清楚楚，所以小说才会看起来流畅而有趣。他的语言锤炼已经炉火纯青，不是池中之物。这注定是一位了不起的小说家。
——阿乙（作家）
陈春成是一座傍晚的园林，每句话都值得细看，每句话都即将错过。我相信这个传说：“我是梦中传彩笔，欲书花叶寄朝云”，有一种古老的文字秩序在暗中流传，到他出现时，我才能指给你：快看，就是这个样子。
——贾行家（作家）
初读《裁云记》《竹峰寺》时，只觉得文章虽短但气象非凡，作者笔下处处是奇光异彩。读罢全书，才知道那也只是修竹茂林中隐隐露出的一角飞檐。九篇小说，如九座幽深的宫殿，殿门虚掩，静谧无人，但你侧身进去，缓缓移步，很快就能看到那些足以使人目不暇给的别致格局、精巧构件、璀璨细节。感谢作者以一己之力构筑这些美妙而深邃的宫殿，让我们得以窥见其中那无数动人心魄的奇丽景象。
——东东枪（作家）
陈春成的每一篇文字，甚至每一页每一段，都有一种奇异的空灵感，把人拉拽进一种亦真亦幻的状态里。细致入微的文字后隐藏着很久远的情感，调动出我的记忆与触觉。每一篇看完，总是唏嘘半日。
——陆庆屹（导演）
陈春成的小说很惊艳，语言极好，且有一种整体性、批判性而又狂欢性的想象力。最厉害的是，他能使最荒诞不经的叙述毫不费力地变得可信，这个本事很难。他对自己的生活有尖锐的看法，表达十分华美飞翔。
——李静（评论家）
陈春成是90后作家中非常有个人特色的一位。汪曾祺式的古典故园与博尔赫斯式的现代迷宫拆散重组，变成了他笔下的废园。但只要读完他的作品，又会发现他远比此丰富。他直接越过了写自我的阶段，一出场就以万物为题，在常识之上，就势思接万里。每一篇小说都不尽相同，又在主题上持续变奏。在一个以糙笔写浮心的时代，他反其道而行之，躲在“深山电报站”，以万物为学问，没有功利心地研究又把玩。他笔触老练，用字沉静，想象又纵肆酣快，间杂萌态。浑然一个专心研学又玩心隆盛的老顽童。
——古肩（《中华文学选刊》编辑）
《夜晚的潜水艇》独辟蹊径，把知识与生活、感性与理性、想象力和准确性结合为一体，具有通透缠绵的气质和强烈的幻想性。小说以一种典雅、迷人的语言为我们展现了当代小说的新路径。
——第四届宝珀理想国文学奖 授奖词",https://img1.doubanio.com/view/subject/l/public/s33718940.jpg,2020-9,https://book.douban.com/subject/35005045/,8.3,,4,,,2022-11-25 18:35:50,陈春成 / 2020 / 上海三联书店
3526244675,皮囊,"一部有着小说阅读质感的散文集，也是一本“认心又认人”的书。
作者蔡崇达，本着对故乡亲人的情感，用一种客观、细致、冷静的方式，讲述了一系列刻在骨肉间故事。一个福建渔业小镇上的风土人情和时代变迁，在这些温情而又残酷的故事中一一体现。用《皮囊》这个具有指向本质意味的书名，来 表达作者对父母、家乡的缅怀，对朋友命运的关切，同时也回答那些我们始终要回答的问题。
书中收录有《皮囊》《母亲的房子》《残疾》《重症病房里的圣诞节》《我的神明朋友》《张美丽》《阿小和阿小》《天才文展》《厚朴》《海是藏不住的》《愿每个城市都不被阉割》《我们始终要回答的问题》《回家》《火车伊要开往叨位》等14篇作品。
其中《皮囊》一文中的阿太，一位99岁的老太太，没文化，是个神婆。她却教给作者具有启示力量的生活态度：“肉体是拿来用的，不是拿来伺候的。”
《母亲的房子》里，母亲想要建一座房子，一座四楼的房子，因为“这附近没有人建到四楼，我们建到了，就真的站起来了”。为了房子，她做苦工，捡菜叶，拒绝所有人的同情，哪怕明知这座房子不久后会被拆毁，只是为了“这一辈子，都有家可归”。
而《残疾》里的父亲，他离家、归来，他病了，他挣扎着，全力争取尊严，然后失败，退生为孩童，最后离去。父亲被照亮了。被怀着厌弃、爱、不忍和怜惜和挂念，艰难地照亮。就在这个过程中，作者长大成人。自70后起，在文学书写中，父亲形象就失踪了。而蔡崇达的书里，这个形象重新出现了。
这部特别的“新人新作”，由韩寒监制，上市之初即广受好评。莫言、白岩松、阿来、阎连科等评价为当下写作中的一个惊喜。或许《皮囊》真是新生的＂非虚构＂写作林地里，兀自展现的一片完全与众不同、可读可思、独具样貌的林木。",https://img2.doubanio.com/view/subject/l/public/s27943411.jpg,2014-12-1,https://book.douban.com/subject/26278687/,7.5,,4,,,2022-10-10 00:08:01,蔡崇达 / 2014 / 天津人民出版社
3443452838,动物农场,《动物农场》是奥威尔最优秀的作品之一，是一则入木三分的反乌托的政治讽喻寓言。农场的一群动物成功地进行了一场“革命”，将压榨他们的人类东家赶出农场，建立起一个平等的动物社会。然而，动物领袖，那些聪明的猪们最终却篡夺了革命的果实，成为比人类东家更加独裁和极权的统治者。“多一个人看奥威尔，就多了一分自由的保障，”有论家如是说。,https://img9.doubanio.com/view/subject/l/public/s4468486.jpg,2010-9,https://book.douban.com/subject/4908879/,9.5,,5,,,2022-10-05 13:23:28,[英]乔治·奥威尔 / 2010 / 上海译文出版社
3223121691,献给阿尔吉侬的花束,声称能改造智能的科学实验在白老鼠阿尔吉侬身上获得了突破性的进展，下一步急需进行人体实验。个性和善、学习态度积极的心智障碍者查理·高登成为最佳人选。手术成功后，查理的智商从68跃升为185，然而那些从未有过的情绪和记忆也逐渐浮现。,https://img1.doubanio.com/view/subject/l/public/s28050760.jpg,2015-4,https://book.douban.com/subject/26362836/,9.1,,4,,,2022-09-27 21:22:18,[美] 丹尼尔·凯斯 / 2015 / 广西师范大学出版社
3441549833,局外人,"◆如果你在人群中感到格格不入，一定要读《局外人》！
◆诺贝尔文学奖得主加缪的代表作！法国存在主义文学代表作，法国荒诞哲学代表作，文学史上的不朽名作！
◆在人类文学史上，《局外人》以其独特的视角展示了世界的荒诞性，成为二十世纪整个西方文坛具有划时代意义的伟大作品。“局外人”也由此成为整个西方文学/哲学中至为经典的人物形象和至为重要的关键词之一。
◆文学史上的经典开头Top10：今天，妈妈死了。也可能是昨天，我不知道。
◆团队倾力打造全新版本，五大必入理由，只为你“这一次终于读懂《局外人》”！
1.法国巴黎索邦大学文学博士、加缪研究专家原创万字导读。
2.韩国设计师原创“荒诞感”彩插，生动还原《局外人》经典场景。
3.新锐留法译者全新译本，展现《局外人》“冷峻”文字风格。
4.精心收录加缪资料，配合《局外人》及导读阅读：a）1956年美国大学版《局外人》加缪亲笔序言；b）1957年加缪在诺贝尔奖颁奖酒会上的演讲词；c）加缪照片资料。
5.精装双封面典藏版：经典黑白插画式封面表现人群中的“局外人”；内封烫银工艺，内页芬兰轻型纸，精致便携。
◆世界范围内畅销70余年，迄今为止，《局外人》以700万册销量成为法国头号畅销口袋书！
.
【内容简介】
.
公司小职员默尔索因杀人而被法庭指控，最终却因为“在母亲下葬时没有哭泣”，被判处了死刑。
（在我们的社会里，任何不在他母亲葬礼上哭泣的人，都有可能被处以死刑。——加缪）
.
【名人推荐和评价】
.
◆加缪在20世纪顶住了历史潮流，独自继承着源远流长的醒世文学，他怀着顽强、严格、纯洁、肃穆、热情的人道主义，向当今时代的种种粗俗丑陋发起了胜负难卜的宣战。——萨特（法国作家、哲学家）
.
◆他（加缪）作为一个艺术家和道德家，通过一个存在主义者对世界荒诞性的透视，形象地体现了现代人的道德良知，戏剧性地表现了自由、正义和死亡等有关人类存在的基本的问题。——1957年诺贝尔文学奖的颁奖词
.
◆加缪有着一颗不停地探求和思索的灵魂。——威廉·福克纳（美国作家、1949年诺贝尔文学奖得主）
.
◆加缪以外，我想不起还有其他现代作家能唤起爱。他死于1960年，他的死让整个文学界感到是一种个人损失。——苏珊·桑塔格（美国作家、艺术评论家）
.
◆（《局外人》是）出现在历史的环节上完美而富有意义的作品……它表明了一种决裂，代表着一种新的情感，没有人对它持反对态度，所有的人都被它征服了，几乎爱恋上了它。——罗兰•巴特（法国作家、文学评论家）
.
◆一部经典之作，一部理性之作。——萨特（法国作家、哲学家）
.
◆加缪的作品始终与追求正义紧密相连。——安德烈·马尔罗（法国作家）
.
◆“一个真正作家诞生了”的标志。——马塞尔·阿尔朗（法国作家）
.
◆（《局外人》）站立在当代小说的。——亨利·海尔（法国文学评论家）
.
◆整个小说（《局外人》），加缪写得冷静至极，从始至终不显露一点激动情绪。语言丝毫不露声色，多用断句，几乎看不出人物的思考，甚至有些啰嗦，但所有的细节都有意义——始终都是冷静与克制，将作者的情感和情绪控制得牢牢的，简直密不透风。——马原（中国当代作家）
.
◆没事儿我就会把加缪的《局外人》读上一遍。——马伯庸（中国当代作家）
.
◆加缪的作品是从战后混乱中冒出来的少有的文学之声，充满既和谐又有分寸的人道主义声音。——《纽约时报》
.
◆加缪是一位伟大的思想家，他留给人们的遗产不仅有《西西弗斯神话》《局外人》对人的荒诞处境的揭示，更重要的也许是人们该如何应对荒诞。——《文汇报》
.
◆加缪的伟大之处就在于用一本薄薄的小书提供了万千种解读的可能性。——豆瓣网友Moss大妖
.
◆你冷眼旁观这个世界，但却依然躲不过世界带来恶意。——豆瓣网友桥豆麻袋
.
◆这本书写得很简单，读起来相当快，但是加缪通过这种简单方式传达的深度令人震惊。——Goodreads网友Ryan R",https://img9.doubanio.com/view/subject/l/public/s30012665.jpg,2019-3,https://book.douban.com/subject/30468519/,8.9,,,,,2022-07-31 22:03:47,[法] 阿尔贝·加缪 / 2019 / 江苏凤凰文艺出版社
3432335562,别逗了，费曼先生,"R.费曼（1918～1988）出生在纽约市的法洛克维，1942年在普林斯顿大学获得博士学位。在第二次世界大战期间，他对发展原子弹做出过重要贡献。战后费曼曾先后在康奈尔大学和加州理工学院教书。1965年，他因盘子电动力学方面的研究荣获诺贝尔物理学奖。除了作为一个物理学家外，费曼在不同时期还曾是故事大王、艺术家、鼓手和密码破泽专家。
《别逗了，费曼先生》的这些回忆文字，为这个大人物大致描绘了一生！这是一本很棒的读物：挥霍无忌、惊世骇俗，却仍然温馨，很有人情味儿。《走进费曼丛书：别逗了，费曼先生》仅仅是稍微触及了他的人生根本：科学。我们在这里或那里，能够看到，作为背景材料，科学只是一笔带过，而不是作为他的人生焦点来处理的，但他一代一代的学生和同事，都知道科学在他的生活中的分量。或许本书也只能这样来写。要把关于他和他的工作的那些爽人心神的故事组织起来，或许也真的没有办法：挑战与挫折，得到慧见时的兴奋，科学的理解带来的深深的喜悦，这才是他的人生快乐之源。",https://img9.doubanio.com/view/subject/l/public/s33494425.jpg,2012-9-1,https://book.douban.com/subject/19989296/,8.3,,,,,2022-07-23 23:54:19,R•P•费曼 R•莱顿 / 2012 / 湖南科学技术出版社
3412262924,鼠疫,"阿尔贝•加缪（1913—1960）是法国声名卓著的小说家、散文家和剧作家，“存在主义”文学的大师。1957年因“热情而冷静地阐明了当代向人类良知提出的种种问题”而获诺贝尔文学奖，是有史以来最年轻的诺奖获奖作家之一。
加缪在他的小说、戏剧、随笔和论著中深刻地揭示出人在异己的世界中的孤独、个人与自身的日益异化，以及罪恶和死亡的不可避免，但他在揭示出世界的荒诞的同时却并不绝望和颓丧，他主张要在荒诞中奋起反抗，在绝望中坚持真理和正义，他为世人指出了一条基督教和马克思主义以外的自由人道主义道路。他直面惨淡人生的勇气，他“知其不可而为之”的大无畏精神使他在第二次世界大战之后不仅在法国，而且在欧洲并最终在全世界成为他那一代人的代言人和下一代人的精神导师。",https://img2.doubanio.com/view/subject/l/public/s27003191.jpg,2013-8,https://book.douban.com/subject/24257229/,9.1,,4,,,2022-07-23 23:40:31,[法] 阿尔贝·加缪 / 2013 / 上海译文出版社
3412833699,被讨厌的勇气,"「被讨厌的勇气」并不是要去吸引被讨厌的负向能量，而是，如果这是我生命想绽放出最美的光彩，那么，即使有被讨厌的可能，我都要用自己的双手双脚往那里走去。」
「因为拥有了被讨厌的勇气，于是有了真正幸福的可能。」
你是否常常对繁琐的生活感到乏味？
你是否时时为复杂的人际关系感到疲惫？
你是否认为人生的意义越来越模糊难见？
我们如何能够在繁杂的日常琐碎和复杂的人际关系中用自己的双手去获得真正的幸福？
这一切的答案尽在这本《被讨厌的勇气》中！
★日本亚马逊2014年度销售冠军，连续300天雄踞销售榜首！
★蔡康永、张德芬 陈文茜、曾宝仪、勇气推荐！
★张沛超、胡慎之、动机在杭州 作序推荐！
★阿德勒思想拥有改变人一生的力量。剩下的就只有能否鼓起迈出一步的“勇气”",https://img1.doubanio.com/view/subject/l/public/s29237648.jpg,2015-3-1,https://book.douban.com/subject/26369699/,8.6,,,,,2022-07-06 23:37:49,岸见一郎 古贺史健 / 2015 / 机械工业出版社
3412262642,黄金时代,《黄金时代》是《时代三部曲》之一。  这是以文革时期为背景的系列作品构成的长篇。发生“文化大革命”的二十世纪六七十年代，正是我们国家和民族的灾难年代。那时，知识分子群体无能为力而极“左”政治泛滥横行。作为倍受歧视的知识分子，往往丧失了自我意志和个人尊严。在这组系列作品里面，名叫“王二”的男主人公处于恐怖和荒谬的环境，遭到各种不公正待遇，但他却摆脱了传统文化人的悲愤心态，创造出一种反抗和超越的方式：既然不能证明自己无辜，便倾向于证明自己不无辜。于是他以性爱作为对抗外部世界的最后据点，将性爱表现得既放浪形骸又纯,https://img2.doubanio.com/view/subject/l/public/s1076372.jpg,1999-3,https://book.douban.com/subject/1089243/,8.9,,5,,,2022-07-06 13:28:28,王小波 / 1999 / 花城出版社
3412261064,万历十五年,"万历十五年，亦即公元1587年，在西欧历史上为西班牙舰队全部出动征英的前一年；而在中国，这平平淡淡的一年中，发生了若干为历史学家所易于忽视的事件。这些事件，表面看来虽似末端小节，但实质上却是以前发生大事的症结，也是将在以后掀起波澜的机缘。在历史学家黄仁宇的眼中，其间的关系因果，恰为历史的重点，而我们的大历史之旅，也自此开始……
《万历十五年》是黄仁宇的成名之作，也是他的代表作之一。这本书融会了他数十年人生经历与治学体会，首次以“大历史观”分析明代社会之症结，观察现代中国之来路，给人启发良多。英文原本推出后，被美国多所大学采用为教科书，并两次获得美国书卷奖历史类好书的提名。",https://img9.doubanio.com/view/subject/l/public/s1800355.jpg,1997-5,https://book.douban.com/subject/1041482/,9,,,,,2022-07-06 13:26:51,[美] 黄仁宇 / 1997 / 生活·读书·新知三联书店
3412259459,明朝那些事儿（1-9）,《明朝那些事儿》讲述从1344年到1644年，明朝三百年间的历史。作品以史料为基础，以年代和具体人物为主线，运用小说的笔法，对明朝十七帝和其他王公权贵和小人物的命运进行全景展示，尤其对官场政治、战争、帝王心术着墨最多。作品也是一部明朝政治经济制度、人伦道德的演义。,https://img9.doubanio.com/view/subject/l/public/s3745215.jpg,2009-4,https://book.douban.com/subject/3674537/,9.2,,,,,2022-07-06 13:25:12,当年明月 / 2009 / 中国海关出版社
3412258141,百年孤独,《百年孤独》是魔幻现实主义文学的代表作，描写了布恩迪亚家族七代人的传奇故事，以及加勒比海沿岸小镇马孔多的百年兴衰，反映了拉丁美洲一个世纪以来风云变幻的历史。作品融入神话传说、民间故事、宗教典故等神秘因素，巧妙地糅合了现实与虚幻，展现出一个瑰丽的想象世界，成为20世纪最重要的经典文学巨著之一。1982年加西亚•马尔克斯获得诺贝尔文学奖，奠定世界级文学大师的地位，很大程度上乃是凭借《百年孤独》的巨大影响。,https://img1.doubanio.com/view/subject/l/public/s27237850.jpg,2011-6,https://book.douban.com/subject/6082808/,9.3,,5,,,2022-07-06 13:23:49,[哥伦比亚] 加西亚·马尔克斯 / 2011 / 南海出版公司
3412257796,活着,"《活着(新版)》讲述了农村人福贵悲惨的人生遭遇。福贵本是个阔少爷，可他嗜赌如命，终于赌光了家业，一贫如洗。他的父亲被他活活气死，母亲则在穷困中患了重病，福贵前去求药，却在途中被国民党抓去当壮丁。经过几番波折回到家里，才知道母亲早已去世，妻子家珍含辛茹苦地养大两个儿女。此后更加悲惨的命运一次又一次降临到福贵身上，他的妻子、儿女和孙子相继死去，最后只剩福贵和一头老牛相依为命，但老人依旧活着，仿佛比往日更加洒脱与坚强。
《活着(新版)》荣获意大利格林扎纳•卡佛文学奖最高奖项（1998年）、台湾《中国时报》10本好书奖（1994年）、香港“博益”15本好书奖（1994年）、第三届世界华文“冰心文学奖”（2002年），入选香港《亚洲周刊》评选的“20世纪中文小说百年百强”、中国百位批评家和文学编辑评选的“20世纪90年代最有影响的10部作品”。",https://img1.doubanio.com/view/subject/l/public/s29053580.jpg,2012-8-1,https://book.douban.com/subject/4913064/,9.4,,5,,,2022-07-06 13:23:26,余华 / 2012 / 作家出版社
3328362864,挪威的森林,这是一部动人心弦的、平缓舒雅的、略带感伤的恋爱小说。小说主人公渡边以第一人称展开他同两个女孩间的爱情纠葛。渡边的第一个恋人直子原是他高中要好同学木月的女友，后来木月自杀了。一年后渡边同直子不期而遇并开始交往。此时的直子已变得娴静腼腆，美丽晶莹的眸子里不时掠过一丝难以捕捉的阴翳。两人只是日复一日地在落叶飘零的东京街头漫无目标地或前或后或并肩行走不止。直子20岁生日的晚上两人发生了性关系，不料第二天直子便不知去向。几个月后直子来信说她住进一家远在深山里的精神疗养院。渡边前去探望时发现直子开始带有成熟女性的丰腴与娇美。晚间两人虽同处一室，但渡边约束了自己，分手前表示永远等待直子。返校不久，由于一次偶然相遇，渡边开始与低年级的绿子交往。绿子同内向的直子截然相反，“简直就像迎着春天的晨光蹦跳到世界上来的一头小鹿”。这期间，渡边内心十分苦闷彷徨。一方面念念不忘直子缠绵的病情与柔情，一方面又难以抗拒绿子大胆的表白和迷人的活力。不久传来直子自杀的噩耗，渡边失魂魄地四处徒步旅行。最后，在直子同房病友玲子的鼓励下，开始摸索此后的人生。,https://img1.doubanio.com/view/subject/l/public/s1221930.jpg,2001-2,https://book.douban.com/subject/1046265/,8.1,,4,,,2022-05-03 19:19:50,[日] 村上春树 / 2001 / 上海译文出版社
904513382,Effective Java: Second Edition,"Written for the working Java developer, Joshua Bloch's Effective Java Programming Language Guide provides a truly useful set of over 50 best practices and tips for writing better Java code. With plenty of advice from an indisputable expert in the field, this title is sure to be an indispensable resource for anyone who wants to get more out of their code.
As a veteran developer at Sun, the author shares his considerable insight into the design choices made over the years in Sun's own Java libraries (which the author acknowledges haven't always been perfect). Based on his experience working with Sun's best minds, the author provides a compilation of 57 tips for better Java code organized by category. Many of these ideas will let you write more robust classes that better cooperate with built-in Java APIs. Many of the tips make use of software patterns and demonstrate an up-to-the-minute sense of what works best in today's design. Each tip is clearly introduced and explained with code snippets used to demonstrate each programming principle.
Early sections on creating and destroying objects show you ways to make better use of resources, including how to avoid duplicate objects. Next comes an absolutely indispensable guide to implementing ""required"" methods for custom classes. This material will help you write new classes that cooperate with old ones (with advice on implementing essential requirements like the equals() and hashCode() methods).
The author has a lot to say about class design, whether using inheritance or composition. Tips on designing methods show you how to create understandable, maintainable, and robust classes that can be easily reused by others on your team. Sections on mapping C code (like structures, unions, and enumerated types) onto Java will help C programmers bring their existing skills to Sun's new language. Later sections delve into some general programming tips, like using exceptions effectively. The book closes with advice on using threads and synchronization techniques, plus some worthwhile advice on object serialization.
Whatever your level of Java knowledge, this title can make you a more effective programmer. Wisely written, yet never pompous or doctrinaire, the author has succeeded in packaging some really valuable nuggets of advice into a concise and very accessible guidebook that arguably deserves a place on most any developer's bookshelf. --Richard Dragan
Topics covered:
Best practices and tips for Java
Creating and destroying objects (static factory methods, singletons, avoiding duplicate objects and finalizers)
Required methods for custom classes (overriding equals(), hashCode(), toString(), clone(), and compareTo() properly)
Hints for class and interface design (minimizing class and member accessibility, immutability, composition versus inheritance, interfaces versus abstract classes, preventing subclassing, static versus nonstatic classes)
C constructs in Java (structures, unions, enumerated types, and function pointers in Java)
Tips for designing methods (parameter validation, defensive copies, method signatures, method overloading, zero-length arrays, hints for Javadoc comments)
General programming advice (local variable scope, using Java API libraries, avoiding float and double for exact comparisons, when to avoid strings, string concatenation, interfaces and reflection, avoid native methods, optimizing hints, naming conventions)
Programming with exceptions (checked versus run-time exceptions, standard exceptions, documenting exceptions, failure-capture information, failure atomicity)
Threading and multitasking (synchronization and scheduling hints, thread safety, avoiding thread groups)
Serialization (when to implement Serializable, the readObject(), and readResolve() methods)",https://img2.doubanio.com/view/subject/l/public/s3259732.jpg,2008-05-28,https://book.douban.com/subject/2696119/,9.2,,4,,java,2022-05-03 18:48:26,Joshua Bloch / 2008 / Addison-Wesley
1686915428,Android进阶解密,"《Android进阶解密》是一本Android进阶书籍，主要针对Android 8.0系统源码并结合应用开发相关知识进行介绍。《Android进阶解密》共分为17章，从3个方面来组织内容。 第一方面介绍Android应用开发所需要掌握的系统源码知识，第二方面介绍JNI、ClassLoader、Java虚拟机、DVM&ART虚拟机和Hook等技术，第三方面介绍热修复原理、插件化原理、绘制优化和内存优化等与应用开发相关的知识点。3个方面有所关联并形成一个知识体系，从而使Android开发者能通过阅读本书达到融会贯通的目的。
《Android进阶解密》适合有一定基础的Android应用开发工程师、Android系统开发工程师和对Android系统源码感兴趣的读者阅读。",https://img2.doubanio.com/view/subject/l/public/s29902172.jpg,2018-10,https://book.douban.com/subject/30358046/,8,,4,,,2022-05-03 18:48:06,刘望舒 / 2018 / 电子工业出版社
3223119618,棋王,"《棋王》收录“三王”小说经典，珍贵文献、星星美展插画、《今天》杂志油印创作谈等一并收入，呈现文字手艺人阿城先生的温度与风度。
“从世俗小说的样貌来说，《棋王》里有‘英雄传奇’、‘现实演义’，‘言情’因为较隐晦，评家们对世俗不熟悉，所以至今还没解读出来，大概总要二三十年吧 。不少人的评论里都提到《棋王》里的‘吃’，几乎叫他们看出‘世俗’平实本义，只是被自己用惯的大话引开了。
《树王》里潜在的是蒙昧的良知，不是科学的，是原始的，但它面对的不是科学，而是愚蠢，这就使双方都走向失败。愚蠢没有良知，所以良知即使是蒙昧的，对于中国，也是有价值的。 ”（阿城）",https://img2.doubanio.com/view/subject/l/public/s32281341.jpg,2019-4,https://book.douban.com/subject/30330181/,9.1,,4,,,2022-02-05 10:43:55,阿城 / 2019 / 上海三联书店
3161931371,褚时健传,"褚时健，这是一个在中国烟草史上举足轻重的名字，这是一位将地方工厂发展成世界级行业巨头的能人，临近退休却折戟沉沙。
十几年后，褚时健的名字因为橙子享誉大江南北，以70几岁高龄重新创业的故事，激励和影响了无数的人，褚橙也被称为“励志橙”。
他的人生几经起落：早年丧父，辍学、烤酒、种地，以此帮母亲谋生；青年，重新求学却遭遇战争，扛过枪打过仗；解放后没能逃脱“右派”的命运，却能埋头搞生产，所在糖厂成为当地条件最好的地方；年过半百，接手玉溪卷烟厂，将其打造成亚洲第一、世界第五的集团企业，褚时健也成为“亚洲烟王”。然而，巅峰跌落……
当他再次进入公众视野时，已成橙王。拜访、学习甚至膜拜的创业者和企业家蜂拥哀牢山……
88年丰富、起伏的人生经历，他的命运和这个国家的政治经济体制过招不断，碰撞不断；他的个人故事紧贴着共和国一个甲子的时代变迁。他的生活里有着生离死别，荣辱变换……人生经历当得上“传奇”二字。
在公众的眼光里，他被塑造成一个充满了豪壮悲情的悲剧性人物，甚至褚橙的成功也显得悲壮。但当《褚时健传》的作者走近褚时健才知道，对于自己人生起落的理解，褚时健比任何人都显得平静。
《褚时健传》由著名传记作家周桦执笔，历经一年多的走访、调查、创作而成，从褚时健的生平，到他的管理理念、企业家精神，再到玉溪卷烟厂、褚橙等的管理运营，采访之深入，细节之丰富，资料之完整权威，写作之客观理性，值得每一个读者认真品读。",https://img1.doubanio.com/view/subject/l/public/s28340158.jpg,2015-12,https://book.douban.com/subject/26664352/,8.9,,4,能把每一件事都好做做成确实是一种能力,,2021-12-25 11:21:55,周桦 / 2015 / 中信出版社
2718406650,史蒂夫·乔布斯传,"这本乔布斯唯一授权的官方传记，在2011年上半年由美国出版商西蒙舒斯特对外发布出版消息以来，备受全球媒体和业界瞩目，这本书的全球出版日期最终确定为2011年11月21日，简体中文版也将同步上市。
两年多的时间，与乔布斯40多次的面对面倾谈，以及与乔布斯一百多个家庭成员、 朋友、竞争对手、同事的不受限的采访，造就了这本独家传记。
尽管乔布斯给予本书的采访和创作全面的配合，但他对内容从不干涉，也不要求出版前阅读全文的权利。对于任何资源和关联的人，他都不设限，甚至鼓励他所熟知的人袒露出自己的心声。
“我已经做了很多并不值得自豪的事情，比如23岁时就让我的女友怀了孕，以及我对这件事的处理方式”，他说， “对我而言，没有什么不可以对外袒露的。”
谈及和他共过事的人以及竞争对手，他直言不讳，甚至尖酸刻薄。他的激情、精力、欲望、完美主义、艺术修养、残暴还有对掌控权的迷恋塑造出的商业哲学一览无余。
同样，他的朋友、敌人，还有同事得以为我们提供了一个前所未有的毫无掩饰的视角。
他是一位极具创造力的企业家，他有如过山车般精彩的人生和犀利激越的性格，充满追求完美和誓不罢休的激情，他创造出个人电脑、动画电影、音乐、手机、平板电脑以及数字出版等6大产业的颠覆性变革。
乔布斯的个性经常让周围的人愤怒和绝望，但其所创造出的产品也与这种个性息息相关，全然不可分割的，正如苹果的硬件和软件一样。
他的故事既具有启发意义，又有警示意义，充满了关于创新、个性、领导力以及价值观的教益。",https://img2.doubanio.com/view/subject/l/public/s6974202.jpg,2011-10-24,https://book.douban.com/subject/6798611/,8.7,,4,如果一切都能重来，乔布斯应该也不会改变自己所有的做法，即便是错的。,,2021-01-31 22:32:23,[美] 沃尔特·艾萨克森 / 2011 / 中信出版社
2667656852,深入理解Java虚拟机（第2版）,"《深入理解Java虚拟机:JVM高级特性与最佳实践(第2版)》内容简介：第1版两年内印刷近10次，4家网上书店的评论近4?000条，98%以上的评论全部为5星级的好评，是整个Java图书领域公认的经典著作和超级畅销书，繁体版在台湾也十分受欢迎。第2版在第1版的基础上做了很大的改进：根据最新的JDK 1.7对全书内容进行了全面的升级和补充；增加了大量处理各种常见JVM问题的技巧和最佳实践；增加了若干与生产环境相结合的实战案例；对第1版中的错误和不足之处的修正；等等。第2版不仅技术更新、内容更丰富，而且实战性更强。
《深入理解Java虚拟机:JVM高级特性与最佳实践(第2版)》共分为五大部分，围绕内存管理、执行子系统、程序编译与优化、高效并发等核心主题对JVM进行了全面而深入的分析，深刻揭示了JVM的工作原理。
第一部分从宏观的角度介绍了整个Java技术体系、Java和JVM的发展历程、模块化，以及JDK的编译，这对理解书中后面内容有重要帮助。
第二部分讲解了JVM的自动内存管理，包括虚拟机内存区域的划分原理以及各种内存溢出异常产生的原因；常见的垃圾收集算法以及垃圾收集器的特点和工作原理；常见虚拟机监控与故障处理工具的原理和使用方法。
第三部分分析了虚拟机的执行子系统，包括类文件结构、虚拟机类加载机制、虚拟机字节码执行引擎。
第四部分讲解了程序的编译与代码的优化，阐述了泛型、自动装箱拆箱、条件编译等语法糖的原理；讲解了虚拟机的热点探测方法、HotSpot的即时编译器、编译触发条件，以及如何从虚拟机外部观察和分析JIT编译的数据和结果；
第五部分探讨了Java实现高效并发的原理，包括JVM内存模型的结构和操作；原子性、可见性和有序性在Java内存模型中的体现；先行发生原则的规则和使用；线程在Java语言中的实现原理；虚拟机实现高效并发所做的一系列锁优化措施。",https://img9.doubanio.com/view/subject/l/public/s27458236.jpg,2013-9-1,https://book.douban.com/subject/24722612/,9.1,,4,,,2020-12-31 10:06:21,周志明 / 2013 / 机械工业出版社
1648727452,Effective java 中文版（第2版）,"本书介绍了在Java编程中78条极具实用价值的经验规则，这些经验规则涵盖了大多数开发人员每天所面临的问题的解决方案。通过对Java平台设计专家所使用的技术的全面描述，揭示了应该做什么，不应该做什么才能产生清晰、健壮和高效的代码。
本书中的每条规则都以简短、独立的小文章形式出现，并通过例子代码加以进一步说明。本书内容全面，结构清晰，讲解详细。可作为技术人员的参考用书。",https://img2.doubanio.com/view/subject/l/public/s3479802.jpg,2009-1-1,https://book.douban.com/subject/3360807/,9.1,,4,,"java,effective",2020-12-31 10:05:33,Joshua Bloch / 2009 / 机械工业出版社
1823974110,当我谈跑步时，我谈些什么（2015典藏版）,"《当我谈跑步时，我谈些什么》是村上春树最受欢迎的随笔集。开始作家生涯之际，村上春树也开始长跑。从夏威夷的考爱岛，到马萨诸塞的剑桥；从村上市的铁人三项赛，到希腊马拉松长跑古道，他永远在奔跑。
“痛楚难以避免，而磨难可以选择。”每当村上长跑时，脑海里就反复出现这句话。积极地选择磨难，就是将人生的主动权握在自己手中。他将这些年来在路上一面奔跑，一面思索的东西集结成书，诚实地书写跑步，诚实地书写人生。
《当我谈跑步时，我谈些什么》（2015典藏版）收入14幅珍贵写真，记录村上春树25年跑步与人生历程，全新设计，精致装帧，带你进入村上春树的跑者世界。",https://img2.doubanio.com/view/subject/l/public/s28316091.jpg,2015-9-1,https://book.douban.com/subject/26575679/,8.4,,4,,,2019-06-16 11:30:01,（日）村上春树 / 2015 / 南海出版公司
1804298934,杀死一只知更鸟,《杀死一只知更鸟》讲述了再二十世纪三十年代，大萧条时期美国南部的一个小镇，三个孩子平静的生活被两桩冤案彻底打破。传闻与事实，坚强与软弱，正义与邪恶，忠诚与背叛，他们在痛苦与矛盾中艰难地拨开生活的重重迷雾，见证了人性的污秽与光辉，理解了真相的残忍与无奈，也感受了人间的温暖与真情。,https://img1.doubanio.com/view/subject/l/public/s29777070.jpg,2018-5,https://book.douban.com/subject/30147567/,9.3,,4,,,2019-05-30 12:29:39,[美]哈珀·李 / 2018 / 译林出版社
1783308082,非暴力沟通,作为一个遵纪守法的好人，也许我们从来没有想过和“暴力”扯上关系。不过如果稍微留意一下现实生活中的谈话方式，并且用心体会各种谈话方式给我们的不同感受，我们一定会发现，有些话的确伤人！言语上的指责、嘲讽、否定、说教以及任意打断、拒不回应、随意出口的评价和结论给我们带来的情感和精神上的创伤，甚至比肉体的伤害更加令人痛苦。这些无心或有意的语言暴力让人与人变得冷漠、隔阂、敌视,https://img1.doubanio.com/view/subject/l/public/s9346487.jpg,2009-1,https://book.douban.com/subject/3533221/,8.4,,4,,,2019-05-11 23:59:55,[美] 马歇尔·卢森堡 / 2009 / 华夏出版社
1734881497,小狗钱钱,"《小狗钱钱》主要内容：吉娅是一个普通的12岁女孩，一次偶然的机会，她救助了一只受伤的小狗，并给它取名叫“钱钱”。没想到，钱钱居然是一位深藏不露的理财高手，它彻底改变了吉娅一家人的财富命运……“欧洲第一理财大师”博多·舍费尔用生动的理财童话，教会你如何从小学会支配金钱，而不是受金钱的支配；如何像富人那样思考，正确地认识和使用金钱；如何进行理财投资，找到积累资产的方法，早日实现财务自由！ 

海报：",https://img2.doubanio.com/view/subject/l/public/s6530133.jpg,2009-2-1,https://book.douban.com/subject/3576486/,9.1,,5,,,2019-03-30 23:08:34,[德] 博多·舍费尔 / 2009 / 南海出版公司
1597823826,东方快车谋杀案,"侦探波洛在叙利亚完成了一项委托，要搭乘辛普朗号东方快车回国。奇怪的是，似乎全世界的人都选在那一夜出行，这列铺位一向宽裕的豪华列车竟然一票难求。幸好他遇到了好友、国际客车公司的董事布克先生，这才挤上了车。
午夜过后，一场大雪迫使辛普朗号停了下来。第二天一早，大家发现少了一名乘客。一个美国人死在了他的包厢里，被刺了十二刀，可他包厢的门却是反锁的。随着调查的深入，案情却似乎更加扑朔迷离，大侦探波洛想出了两种截然不同的解释……",https://img1.doubanio.com/view/subject/l/public/s26344659.jpg,2013-4,https://book.douban.com/subject/24153048/,9,,4,,,2018-12-28 21:33:51,[英] 阿加莎·克里斯蒂 / 2013 / 新星出版社
1597822136,嫌疑人X的献身,"百年一遇的数学天才石神，每天唯一的乐趣，便是去固定的便当店买午餐，只为看一眼在便当店做事的邻居靖子。
靖子与女儿相依为命，失手杀了前来纠缠的前夫。石神提出由他料理善后。石神设了一个匪夷所思的局，令警方始终只能在外围敲敲打打，根本无法与案子沾边。石神究竟使用了什么手法？",https://img2.doubanio.com/view/subject/l/public/s27676061.jpg,2014-6-1,https://book.douban.com/subject/25924253/,9,,4,,,2018-12-28 21:33:02,[日]东野圭吾 / 2014 / 南海出版公司
1597820769,人类简史,"十万年前，地球上至少有六种不同的人
但今日，世界舞台为什么只剩下了我们自己？
从只能啃食虎狼吃剩的残骨的猿人，到跃居食物链顶端的智人，
从雪维洞穴壁上的原始人手印，到阿姆斯壮踩上月球的脚印，
从认知革命、农业革命，到科学革命、生物科技革命，
我们如何登上世界舞台成为万物之灵的？
从公元前1776年的《汉摩拉比法典》，到1776年的美国独立宣言，
从帝国主义、资本主义，到自由主义、消费主义，
从兽欲，到物欲，从兽性、人性，到神性，
我们了解自己吗？我们过得更快乐吗？
我们究竟希望自己得到什么、变成什么？
------------------------------------------------------------------------------------------------
【编辑推荐】
1、由书改变而成的人类简史课程风靡全球，成为希伯来大学最受欢迎课程 Coursera最受欢迎课程 ，mooc最受欢迎课程。学界和大众都一致认可，戴蒙德推荐。
2、一大开创性：打通文字发明前后历史的界限。
文字发明之前的年代，是生物学家、考古学家的专长；文字发明之后的年代，是历史学家、政治学家和经济学家的专长；
许多著名史家的作品，欠缺遗传学或生态学的视野，如何让这两大段历史之间没有断层，能够有一以贯之的宏观解读？
本书不同于《枪炮、病菌与钢铁》从生物与环境的角度看人类社会的发展，也不同于麦克尼尔的《世界史》以文明为单位绘制的人类文明交织的世界。 他笔下的历史，在科学中有深沉的人文关怀。
3、填补传统人类史的三大鸿沟：
历史观与哲学观之间的鸿沟（提供有史实根据的深刻哲学思考）；人类和生态系统之间的鸿沟（作者多从生态来思考，而不是只讲人类的利益）；集体和个人之间的鸿沟（检视历史事件如何影响到当时一般人的生活）。
4、四大部分描述人类大历史：
7万年前的大脑认知革命（有能力谈八卦，想象不存在的事物，让陌生人开始合作、建立组织）
1.2万年前的农业革命（让我们渴求更多、生产更多，分工分职愈趋细腻）、
500年前的科学革命（带来快速进步，让我们拥有上帝的力量，也带来毁灭）
全球大一统、人类大融合的关键因素——金钱、帝国、宗教
5、一部个人幸福探索之书。
用通俗的语言和新鲜的视角，将个体的幸福放在人类发展的过程中审视，不再错过历史中最关键、最有意思的部分。涵盖了生物学，人类学，哲学，心理学，艺术，文学，伦理学等众多领域。涉及幸福，生命的意义等众多话题，有人说这是一部个人幸福探索之书。
6、一部“瘦身版”人类简史。
如果说给我一本书，不到五百页，没有一堆令人晕头转向的年份、人名、地名、称号，就能涵盖了人类如何崛起、影响现代生活甚巨的资本主义、一神教、自由人文主义、基因工程如何兴盛的人类历史重大脉络……这是仅有的一部！
7、一部引发多国版权大战的神秘大书。
获得波兰斯基人文学科创造力与独创性奖。 100周蝉联以色列畅销书排行榜第一，在英国，9家出版商疯狂竞价。 23个国家竞相购买版权。台湾上市一周，金石堂、诚品历史类畅销书榜第一 ，诚品总榜第八，西班牙上市两周总榜第一。
------------------------------------------------------------------------------------------------
【内容简介】
《人类简史：从动物到上帝》是以色列新锐历史学家的一部重磅作品。从十万年前有生命迹象开始到21世纪资本、科技交织的人类发展史。十万年前，地球上至少有六个人种，为何今天却只剩下了我们自己？我们曾经只是非洲角落一个毫不起眼的族群，对地球上生态的影响力和萤火虫、猩猩或者水母相差无几。为何我们能登上生物链的顶端，最终成为地球的主宰？
从认知革命、农业革命到科学革命，我们真的了解自己吗？我们过得更加快乐吗？我们知道金钱和宗教从何而来，为何产生吗？人类创建的帝国为何一个个衰亡又兴起？为什么地球上几乎每一个社会都有男尊女卑的观念？为何一神教成为最为广泛接受的宗教？科学和资本主义如何成为现代社会最重要的信条？理清影响人类发展的重大脉络，挖掘人类文化、宗教、法律、国家、信贷等产生的根源。这是一部宏大的人类简史，更见微知著、以小写大，让人类重新审视自己。
------------------------------------------------------------------------------------------------
【各界评论】
《人类简史：从动物到上帝》为什么能够在国际畅销书榜上爆冲？原因很简单，它处理的是历史的大问题、现代世界的大问题，而且，它的写作风格是刻骨铭心的生动。你会爱上它！
——普利策奖得主  《枪炮、病菌与钢铁》作者戴蒙德
这是此类大历史中最好的一本：规模宏大但绝非泛泛而谈；具有时代性又不花哨，观念惊世骇俗但绝不是个简单的反对者。每个人都能在书里找到一部分和另外的人开始讨论，但是弄清楚是哪部分、为什么，对我们都有好处。
——牛津大学历史学院院长 斯蒂文·刚尼
我拿起这本《人类简史》立刻“着道”了——拿起了就放不下，几乎一口气读完。吸引力主要来自作者才思的旷达敏捷，还有译者文笔的生动晓畅，而书中屡屡提及中国的相关史实，也能让人感到一种说不出的亲切，好像自己也被融入其中，读来欲罢不能。
——北京大学历史系教授 高毅
《人类简史》的目的不是传授人类考古学的所有研究成果，而是提供一种看历史的视角，一种全局的观点。当你不再执着于科学、政治或宗教等某一个领域的发展过程，而是关注人类社会的整体演变，观察这些领域之间的相互作用，你会感到你脑海中零碎的历史知识忽然像拼图一样各就各位，构成一幅宏大的图景，这样的视角非常新鲜。
——果壳网 姬十三
读完这本书，有一种跟着人类一同走过十万年的感觉！
——读者
这本书如果要用“宏伟史诗”来形容一点也不过分，其中包含了很多学科的内容，例如考古学、生物学、物理学、经济学、宗教、社会学甚至计算机科学等等。书里里面的大部分观点都是从不同的角度进行介绍，其中很多都是经无数人严格验证过的，讲师很多时候仅仅是通过自己的表达希望尽量客观地介绍一些内容，至于每个人怎么理解并没有统一的标准了。
——读者
超级好的课程，付费都坚持下来了，观点独特，从来没想到能从这个角度理解我们人类自己。
——读者",https://img2.doubanio.com/view/subject/l/public/s27814883.jpg,2014-11,https://book.douban.com/subject/25985021/,9.1,,4,,,2018-12-28 21:32:20,[以色列] 尤瓦尔·赫拉利 / 2014 / 中信出版社
1453567041,Kotlin实战,《Kotlin 实战》将从语言的基本特性开始，逐渐覆盖其更多的高级特性，尤其注重讲解如何将 Koltin 集成到已有 Java 工程实践及其背后的原理。本书分为两个部分。第一部分讲解如何开始使用 Kotlin 现有的库和API，包括基本语法、扩展函数和扩展属性、数据类和伴生对象、lambda 表达式，以及数据类型系统（着重讲解了可空性和集合的概念）。第二部分教你如何使用 Kotlin 构建自己的 API，以及一些深层次特性——约定和委托属性、高阶函数、泛型、注解和反射，以及领域特定语言的构建。《Kotlin 实战》适合广大移动开发者及入门学习者，尤其是紧跟主流趋势的前沿探索者。,https://img2.doubanio.com/view/subject/l/public/s29499733.jpg,2017-8,https://book.douban.com/subject/27093660/,8.9,,4,很赞的一本书，讲解很详细。,,2018-11-16 19:05:23,【美】Dmitry Jemerov（德米特里·詹莫瑞福） 【美】 Svetlana Isakova（斯维特拉娜·伊凡诺沃） / 2017 / 电子工业出版社
1509861667,我们仨,"《我们仨》是钱钟书夫人杨绛撰写的家庭生活回忆录。1998年，钱钟书逝世，而他和杨绛唯一的女儿钱瑗已于此前（1997年）先他们而去。在人生的伴侣离去四年后，杨绛在92岁高龄的时候用心记述了他们这个特殊家庭63年的风风雨雨、点点滴滴，结成回忆录《我们仨》。
这本书分为两部分。第一部分中，作者以其一贯的慧心、独特的笔法，用梦境的形式讲述了最后几年中一家三口相依为命的情感体验。第二部分，以平实感人的文字记录了自1935年伉俪二人赴英国留学并在牛津喜得爱女，直至1998年丈夫逝世，63年间这个家庭鲜为人知的坎坷历程。",https://img2.doubanio.com/view/subject/l/public/s27509853.jpg,2012-9,https://book.douban.com/subject/19958089/,9.1,,4,,,2018-11-02 08:37:16,杨绛 / 2012 / 生活·读书·新知三联书店
1488540836,围城,《围城》是一幅栩栩如生的世井百态图，人生的酸甜苦辣千般滋味均在其中得到了淋漓尽致的体现。钱钟书先生将自己的语言天才并入极其渊博的知识，再添加上一些讽刺主义的幽默调料，以一书而定江山。《围城》显示给我们一个真正的聪明人是怎样看人生，又怎样用所有作家都必得使用的文字来表述自己的“观”和“感”的。,https://img1.doubanio.com/view/subject/l/public/s11276847.jpg,1991-2-1,https://book.douban.com/subject/11524204/,9.3,,4,,,2018-11-02 08:35:48,钱锺书 / 1991 / 人民文学出版社
1446084627,岛上书店,"每个人的生命中，都有最艰难的那一年，将人生变得美好而辽阔。
---------------------
A．J．费克里，人近中年，在一座与世 隔绝的小岛上，经营一家书店。
命运从未眷顾过他，爱妻去世，书店危机，就连唯一值钱的宝贝也遭窃。他的人生陷入僵局，他的内心沦为 荒 岛。
就在此时，一个神秘的包袱出现在书店中，意外地拯救了陷于孤独 绝境中的A．J．，成为了连接他和妻姐伊斯梅、 警长兰比亚斯、出版社女业务员阿米莉娅之间的纽带，为他的生活带来了转机。
没有谁是 一座孤岛，每本书都是一个世界 。
小岛上的几个生命紧紧相依，走出了人生的困境，而所有对书和生活的热爱都周而复始，愈加汹涌。
----------------------
现象级全球畅销书
美国独立书商选书第1名 美国图书馆推荐阅读第1名
席卷《出版人周刊》《纽约时报》《华盛顿邮报》《图书馆日报》各大榜单
一年之内畅销美国、英国、德国、法国、荷兰、西班牙、巴西、意大利、丹麦、芬兰、挪威、瑞典、冰岛、波兰、加拿大、土耳其、以色列、日本、韩国等25国！
----------------------
媒体及名人推荐：
1. 一封情书，致阅读的隐秘乐趣。——美国国家公共电台
2. 泽文是高明的作者，聪颖机智，她对书的热情显而易见。──《出版人周刊》
3. 有趣、温柔、动人，恰如其分，又汹涌澎湃，《岛上书店》提醒了我们，为什么阅读，为什么去爱。——《图书馆日报》
4. 像小鹿一样蹦跳而迷人的一个小故事。——《娱乐周刊》
5. 有时候轻巧风趣，有时候纯真质朴，但一直带给你相当高的阅读愉悦感。一本惹人喜爱的文学小说，讲的是独立书店的孤傲老板，卖书和寻找真爱的故事。——《柯克斯书评》
6. 泽文延续了这个年代罕见的传统──她创作了一本娱乐性很高的小说，虽是小品，但能攫取人心；尽管有趣，却不甜腻滥情。更难得的是，她对书、书店以及爱书人的未来，充满见解。──《华盛顿邮报》
7. 《岛上书店》有一点儿推理小说的成分，和一点儿爱情小说的成分，但归根结底，它的内核是一个关于爱的故事：对书本的爱，对家人的爱，对周围每个人的善意与爱。它自身就携带了爱的魔咒，这是你今年的必读之书。——《书页》
8. 在这部甜美、向书店致敬、振奋人心的小说中，泽文完美捕捉到读者与书籍配对的喜悦。耐人寻味的角色、对于书籍销售的深入理解、关于经典作品的精辟评论，还有对读书会以及营销活动的幽默描述，爱书人将难以抗拒。──《书单》
9. 这本书提醒了我们，爱与被爱的能力、付出与接受的意愿，能拯救陷于孤独绝境中的我们。一则美妙、动人的故事，关于人生的救赎与转化，它会在你胸中回荡许久许久。──《我在雨中等你》作者加思•斯坦
10. 一场轻松且澎湃的盛宴，如果你曾经想象过一个社会的宝藏──书店，它是如何运作的话，这本书非常合你胃口。──《食欲风暴》作者洁米•艾廷博格
11. 这是一本幽默、浪漫、略带悬疑的小说，而其中最重要的元素是爱──对书、对爱书人，或者应该说是对人性不完美荣光的爱。──《雪地里的女孩》作者艾欧文•艾维
12. 一部相当有力量的小说，重现了、重振了小说这种文体的力量。但这本书并没有夸张，故弄玄虚，迂腐地掉书袋，或者来点不着边际的哲学思考。《岛上书店》是写给真正热爱书本的那群人的，他们能准确地认出一个叙述得绝妙的故事，并准确感受到这个故事饱含的力量。——《多伦多国际邮报》
13. 我狼吞虎咽地读完了这本书。这是一封写给文字的情书，魅力四射，风趣非凡。它让你一直开心一直微笑，但喉头又时常哽咽。 ——《泰尼福的小屋》作者娜塔莎•所罗门
14. 你很容易就对他们心生好感，你很容易就为他们拍手叫好，费克里和他那些奇形怪状的朋友们家人们，他们温柔、温暖，脆弱，古怪，就像曾经也处于困境中的你和我。这本书能轻松成为畅销书黑马。毕竟，《岛上书店》实在魅力非凡，光芒四射。——《明尼阿波利斯市星星先驱报》
15. 一个美丽的故事，关于再一次鼓足勇气去爱，再一次得到真爱。——A.V.俱乐部
16. 这是一本不应该被错过的书。如果你喜欢书，喜欢古旧书店，喜欢美好的人类正在过着的平凡而美好的生活，你一定爱上这本《岛上书店》！事实上，我想我应该去再读一遍这个故事了！——《罗诺克时报》
17. 每个人，任何人，只要他喜欢书、喜欢书店，喜欢因阅读而认识的这个庞杂博大世界，那他就会不可自拔爱上这本书。——《维齐塔鹰报》
18. 在夏天阅读这本甜美又纯洁的书，重温爱和失去，重温友情的力量，重温世间所有书。即使身在盛夏，也仿佛是在微风徐徐的某个春日，那天阳光灿烂却温和，惠泽大地万物。你不想这天结束，你不想这场阅读结束。——《家庭圈》杂志
19. 作者控制得很完美，把故事写成了传奇，关于生命、爱、冒险和成长的传奇。——《兰辛州日报》
20. 我不够欣赏我对待《岛上书店》的态度。我痛恨泽文女士在这部古怪机智、妙语如珠的小说中展示出来的技巧和大师风范。我讨厌这部小说，它竟然如此好读，如此引人入胜。我深深憎恶这部小说要命的见鬼的魅力，我还憎恶它的简洁精当，憎恶它的干脆利落，憎恶它的清新洗练！嗷嗷嗷！……最终评语：这次像闪电一般的快速阅读实在太太太令人享受了！我要把这本书藏在过期杂志后面不让人看到……——《图书馆日报》“给伙计们的书”博客",https://img1.doubanio.com/view/subject/l/public/s29810488.jpg,2015-5-1,https://book.douban.com/subject/26340138/,7.5,,3,,"美国文学,加布瑞埃拉·泽文,小说,心灵,外国文学",2018-08-22 12:02:56,[美] 加布瑞埃拉·泽文 / 2015 / 江苏凤凰文艺出版社
1355017362,看见,"《看见》是知名记者和主持人柴静讲述央视十年历程的自传性作品，既是柴静个人的成长告白书，某种程度上亦可视作中国社会十年变迁的备忘录。十年前她被选择成为国家电视台新闻主播，却因毫无经验而遭遇挫败，非典时期成为现场记者后，现实生活犬牙交错的切肤之感，让她一点一滴脱离外在与自我的束缚，对生活与人性有了更为宽广与深厚的理解。十年之间，非典、汶川地震、两会报道、北京奥运……在每个重大事件现场，几乎都能发现柴静的身影，而如华南虎照、征地等刚性的调查报道她也多有制作。在书中，她记录下淹没在宏大叙事中的动人细节，为时代留下私人的注脚。一如既往，柴静看见并记录下新闻中给她留下强烈生命印象的个人，每个人都深嵌在世界之中，没有人可以只是一个旁观者，他人经受的，我必经受。书中记录下的人与事，是他们的生活，也是你和我的生活。
《看见》中，我没有刻意选择标志性事件，也没有描绘历史的雄心，在大量的新闻报道里，我只选择了留给我强烈生命印象的人，因为工作原因，我恰好与这些人相遇。他们是流淌的，从我心腹深处的石坝上漫溢出来，坚硬的成见和模式被一遍遍冲刷，摇摇欲坠，土崩瓦解。这种摇晃是危险的，但思想的本质就是不安。
我试着尽可能诚实地写下这不断犯错、不断推翻、不断疑问、不断重建的事实和因果，一个国家由人构成，一个人也由无数他人构成，你想如何报道一个国家，就要如何报道自已。——柴静
海报：",https://img1.doubanio.com/view/subject/l/public/s24514758.jpg,2013-1-1,https://book.douban.com/subject/20427187/,8.8,,4,,,2018-04-08 15:18:55,柴静 / 2013 / 广西师范大学出版社
1314240553,追风筝的人,"12岁的阿富汗富家少爷阿米尔与仆人哈桑情同手足。然而，在一场风筝比赛后，发生了一件悲惨不堪的事，阿米尔为自己的懦弱感到自责和痛苦，逼走了哈桑，不久，自己也跟随父亲逃往美国。
成年后的阿米尔始终无法原谅自己当年对哈桑的背叛。为了赎罪，阿米尔再度踏上暌违二十多年的故乡，希望能为不幸的好友尽最后一点心力，却发现一个惊天谎言，儿时的噩梦再度重演，阿米尔该如何抉择？
故事如此残忍而又美丽，作者以温暖细腻的笔法勾勒人性的本质与救赎，读来令人荡气回肠。",https://img1.doubanio.com/view/subject/l/public/s1727290.jpg,2006-5,https://book.douban.com/subject/1770782/,8.9,,4,,,2018-03-14 17:09:21,[美] 卡勒德·胡赛尼 / 2006 / 上海人民出版社
1333198061,Java编程思想 （第4版）,"本书赢得了全球程序员的广泛赞誉，即使是最晦涩的概念，在Bruce Eckel的文字亲和力和小而直接的编程示例面前也会化解于无形。从Java的基础语法到最高级特性（深入的面向对象概念、多线程、自动项目构建、单元测试和调试等），本书都能逐步指导你轻松掌握。
从本书获得的各项大奖以及来自世界各地的读者评论中，不难看出这是一本经典之作。本书的作者拥有多年教学经验，对C、C++以及Java语言都有独到、深入的见解，以通俗易懂及小而直接的示例解释了一个个晦涩抽象的概念。本书共22章，包括操作符、控制执行流程、访问权限控制、复用类、多态、接口、通过异常处理错误、字符串、泛型、数组、容器深入研究、Java I/O系统、枚举类型、并发以及图形化用户界面等内容。这些丰富的内容，包含了Java语言基础语法以及高级特性，适合各个层次的Java程序员阅读，同时也是高等院校讲授面向对象程序设计语言以及Java语言的绝佳教材和参考书。
第4版特点：
适合初学者与专业人员的经典的面向对象叙述方式，为更新的Java SE5/6增加了新的示例和章节。
 测验框架显示程序输出。",https://img9.doubanio.com/view/subject/l/public/s27243455.jpg,2007-6,https://book.douban.com/subject/2130190/,9,,4,,,2018-02-28 17:30:13,[美] Bruce Eckel / 2007 / 机械工业出版社
1288167144,无人生还,"十个素不相识、身份各异的人受邀前往德文郡海岸边一座孤岛上的豪宅。客人到齐后，主人却没有出现。
当晚，一个神秘的声音发出指控，分别说出每个人心中罪恶的秘密。接着，一位客人离奇死亡。暴风雨让小岛与世隔绝，《十个小士兵》——这首古老的童谣成了死亡咒语。如同歌谣中预言 的，客人一个接一个死去……杀人游戏结束后，竟无一人生还！",https://img9.doubanio.com/view/subject/l/public/s26849345.jpg,2013-7,https://book.douban.com/subject/24859822/,8.7,,4,,,2017-12-28 13:27:20,[英] 阿加莎·克里斯蒂 / 2013 / 新星出版社
1261291454,解忧杂货店,"现代人内心流失的东西，这家杂货店能帮你找回——
僻静的街道旁有一家杂货店，只要写下烦恼投进卷帘门的投信口，第二天就会在店后的牛奶箱里得到回答。
因男友身患绝症，年轻女孩静子在爱情与梦想间徘徊；克郎为了音乐梦想离家漂泊，却在现实中寸步难行；少年浩介面临家庭巨变，挣扎在亲情与未来的迷茫中……
他们将困惑写成信投进杂货店，随即奇妙的事情竟不断发生。
生命中的一次偶然交会，将如何演绎出截然不同的人生？
如今回顾写作过程，我发现自己始终在思考一个问题：站在人生的岔路口，人究竟应该怎么做？我希望读者能在掩卷时喃喃自语：我从未读过这样的小说。——东野圭吾",https://img2.doubanio.com/view/subject/l/public/s27264181.jpg,2014-5,https://book.douban.com/subject/25862578/,8.5,,4,,,2017-11-01 18:40:42,[日] 东野圭吾 / 2014 / 南海出版公司
1204908751,我们仨,"《我们仨》是钱钟书夫人杨绛撰写的家庭生活回忆录。1998年，钱钟书逝世，而他和杨绛唯一的女儿钱瑗已于此前（1997年）先他们而去。在人生的伴侣离去四年后，杨绛在92岁高龄的时候用心记述了他们这个特殊家庭63年的风风雨雨、点点滴滴，结成回忆录《我们仨》。
这本书分为两部分。第一部分中，作者以其一贯的慧心、独特的笔法，用梦境的形式讲述了最后几年中一家三口相依为命的情感体验。第二部分，以平实感人的文字记录了自1935年伉俪二人赴英国留学并在牛津喜得爱女，直至1998年丈夫逝世，63年间这个家庭鲜为人知的坎坷历程。",https://img2.doubanio.com/view/subject/l/public/s1015872.jpg,2003-7,https://book.douban.com/subject/1023045/,8.8,,5,,,2017-06-20 09:19:18,杨绛 / 2003 / 生活·读书·新知三联书店
1183064234,慈悲,小说从国营工厂时代的特殊事物“补助”说起。工程师陈水生少年时父母双亡，来到工厂做学徒。师傅在厂里有威望，替他要到了一份补助，并且将自己的独生女儿玉生嫁给了他。八十年代，工厂沿革补助的福利手段，需要工人代表到工会演讲游说。水生接了师傅的衣钵，为贫困工人争取补助。然而为了这点小钱，人与人之间也相互猜疑、告密。九十年代，工厂清退工人，水生不得已又去做了操作工，国营工厂被厂长侵吞。水生为赚钱，四处下乡给私营老板设计苯酚车间，搞垮了曾经的母厂。小说纵向讲述了个人五十年的生活，从一个切面剖析探讨了这段历史。,https://img2.doubanio.com/view/subject/l/public/s28581661.jpg,2015-12,https://book.douban.com/subject/26669243/,8.1,,4,,,2017-04-27 13:43:30,路内 / 2015 / 人民文学出版社
1136378434,亲爱的安德烈,"安德烈十四岁的时候，龙应台离开欧洲，返回台湾，就任台北市首任文化局长。等她卸任回到儿子身边，安德烈已是一个一百八十四公分高的十八岁的小伙子，坐在桌子另一边，有一点“冷”地看着妈妈。
他们是两代人，年龄相差三十年；他们也是两国人，中间横着东西文化。失去小男孩安安没关系，但龙应台一定要认识成熟的大学生安德烈。
于是，母子俩用了三年时间互相通信。龙应台“认识了人生里第一个十八岁的人”，安德烈“也第一次认识了自己的母亲”。
收入此书的的三十多封书信，感动了无数被“亲子”之间隔阂与冲突深深困扰着的读者，为读者弭平代沟、跨越文化阻隔、两代人沟通交流带来了全新的思维和方法。",https://img1.doubanio.com/view/subject/l/public/s3993878.jpg,2008-12,https://book.douban.com/subject/3369793/,8.6,,4,,,2017-01-13 14:17:59,龙应台 [德] 安德烈 / 2008 / 人民文学出版社